year,illness_type
2023,Respiratory
2023,Respiratory
2023,Respiratory
2023,Respiratory
2023,Respiratory
2023,Respiratory
2023,Respiratory
2023,Respiratory
2023,Respiratory
2023,Respiratory
2023,Respiratory
2023,Respiratory
2023,Respiratory
2023,Respiratory
2023,Respiratory
2023,Respiratory
2023,Respiratory
2023,Respiratory
2023,Respiratory
2023,Respiratory
2023,Respiratory
2023,Enteric
2023,Respiratory
2023,Respiratory
2023,Respiratory
2023,Respiratory
2023,Respiratory
2023,Respiratory
2023,Respiratory
2023,Respiratory
2023,Respiratory
2023,Respiratory
2023,Respiratory
2023,Enteric
2023,Respiratory
2023,Respiratory
2023,Respiratory
2023,Respiratory
2023,Respiratory
2023,Respiratory
2023,Respiratory
2023,Enteric
2023,Respiratory
2023,Respiratory
2023,Respiratory
2023,Respiratory
2023,Respiratory
2023,Respiratory
2023,Respiratory
2023,Respiratory
2023,Enteric
2023,Respiratory
2023,Respiratory
2023,Respiratory
2023,Respiratory
2023,Respiratory
2023,Respiratory
2023,Respiratory
2023,Respiratory
2023,Respiratory
2023,Respiratory
2023,Respiratory
2023,Respiratory
2023,Respiratory
2023,Respiratory
2023,Respiratory
2023,Respiratory
2023,Respiratory
2023,Respiratory
2023,Respiratory
2023,Respiratory
2023,Respiratory
2023,Respiratory
2023,Respiratory
2023,Respiratory
2023,Respiratory
2023,Respiratory
2023,Respiratory
2023,Respiratory
2023,Respiratory
2023,Respiratory
2023,Respiratory
2023,Respiratory
2023,Respiratory
2023,Respiratory
2023,Respiratory
2023,Respiratory
2023,Respiratory
2023,Respiratory
2023,Respiratory
2023,Respiratory
2023,Respiratory
2023,Respiratory
2023,Respiratory
2023,Enteric
2023,Respiratory
2023,Respiratory
2023,Respiratory
2023,Respiratory
2023,Respiratory
2023,Respiratory
2023,Respiratory
2023,Respiratory
2023,Respiratory
2023,Respiratory
2023,Respiratory
2023,Respiratory
2023,Respiratory
2023,Respiratory
2023,Respiratory
2023,Respiratory
2023,Respiratory
2023,Respiratory
2023,Respiratory
2023,Respiratory
2023,Respiratory
2023,Respiratory
2023,Respiratory
2023,Respiratory
2023,Respiratory
2023,Respiratory
2023,Enteric
2023,Respiratory
2023,Respiratory
2023,Respiratory
2023,Respiratory
2023,Respiratory
2023,Respiratory
2023,Respiratory
2023,Respiratory
2023,Respiratory
2023,Respiratory
2023,Respiratory
2023,Respiratory
2023,Respiratory
2023,Respiratory
2023,Respiratory
2023,Respiratory
2023,Respiratory
2023,Respiratory
2023,Respiratory
2023,Respiratory
2023,Respiratory
2023,Respiratory
2023,Respiratory
2023,Respiratory
2023,Respiratory
2023,Respiratory
2023,Respiratory
2023,Respiratory
2023,Respiratory
2023,Respiratory
2023,Respiratory
2023,Respiratory
2023,Respiratory
2023,Respiratory
2023,Respiratory
2023,Respiratory
2023,Respiratory
2023,Respiratory
2023,Respiratory
2023,Respiratory
2023,Respiratory
2023,Respiratory
2023,Respiratory
2023,Respiratory
2023,Respiratory
2023,Respiratory
2023,Respiratory
2023,Respiratory
2023,Respiratory
2023,Respiratory
2023,Respiratory
2023,Respiratory
2023,Respiratory
2023,Respiratory
2023,Respiratory
2023,Respiratory
2023,Respiratory
2023,Respiratory
2023,Respiratory
2023,Respiratory
2023,Respiratory
2023,Respiratory
2023,Respiratory
2023,Respiratory
2023,Respiratory
2023,Respiratory
2023,Respiratory
2023,Respiratory
2023,Respiratory
2023,Respiratory
2023,Respiratory
2023,Respiratory
2023,Respiratory
2023,Respiratory
2023,Respiratory
2023,Respiratory
2023,Respiratory
2023,Respiratory
2023,Respiratory
2023,Respiratory
2023,Respiratory
2023,Respiratory
2023,Respiratory
2023,Respiratory
2023,Respiratory
2023,Respiratory
2023,Respiratory
2023,Respiratory
2023,Respiratory
2023,Respiratory
2023,Respiratory
2023,Respiratory
2023,Respiratory
2023,Respiratory
2023,Enteric
2023,Respiratory
2023,Respiratory
2023,Respiratory
2023,Respiratory
2023,Respiratory
2023,Respiratory
2023,Respiratory
2023,Respiratory
2023,Respiratory
2023,Respiratory
2023,Respiratory
2023,Respiratory
2023,Respiratory
2023,Respiratory
2023,Respiratory
2023,Respiratory
2023,Respiratory
2023,Respiratory
2023,Respiratory
2023,Respiratory
2023,Respiratory
2023,Respiratory
2023,Respiratory
2023,Respiratory
2023,Respiratory
2023,Respiratory
2023,Respiratory
2023,Respiratory
2023,Respiratory
2023,Respiratory
2023,Respiratory
2023,Respiratory
2023,Respiratory
2023,Respiratory
2023,Respiratory
2023,Respiratory
2023,Respiratory
2023,Respiratory
2023,Respiratory
2023,Respiratory
2023,Respiratory
2023,Respiratory
2023,Respiratory
2023,Respiratory
2023,Respiratory
2023,Respiratory
2023,Respiratory
2023,Respiratory
2023,Respiratory
2023,Respiratory
2023,Respiratory
2023,Respiratory
2023,Respiratory
2023,Respiratory
2023,Respiratory
2023,Respiratory
2023,Respiratory
2023,Respiratory
2023,Respiratory
2023,Respiratory
2023,Respiratory
2023,Respiratory
2023,Respiratory
2023,Respiratory
2023,Respiratory
2023,Respiratory
2023,Respiratory
2023,Respiratory
2023,Respiratory
2023,Respiratory
2023,Respiratory
2023,Respiratory
2023,Respiratory
2023,Respiratory
2023,Respiratory
2023,Respiratory
2023,Other
2023,Respiratory
2023,Respiratory
2023,Respiratory
2023,Respiratory
2023,Respiratory
2023,Respiratory
2023,Respiratory
2023,Respiratory
2023,Respiratory
2023,Respiratory
2023,Respiratory
2023,Respiratory
2023,Respiratory
2023,Respiratory
2023,Respiratory
2023,Respiratory
2023,Respiratory
2023,Respiratory
2023,Respiratory
2023,Respiratory
2023,Respiratory
2023,Respiratory
2023,Respiratory
2023,Respiratory
2023,Respiratory
2023,Respiratory
2023,Respiratory
2023,Respiratory
2023,Respiratory
2023,Respiratory
2023,Respiratory
2023,Respiratory
2023,Respiratory
2023,Respiratory
2023,Respiratory
2023,Respiratory
2023,Respiratory
2023,Respiratory
2023,Respiratory
2023,Respiratory
2023,Respiratory
2023,Respiratory
2023,Respiratory
2023,Respiratory
2023,Respiratory
2023,Respiratory
2023,Respiratory
2023,Respiratory
2023,Respiratory
2023,Respiratory
2023,Respiratory
2023,Respiratory
2023,Respiratory
2023,Respiratory
2023,Respiratory
2023,Respiratory
2023,Respiratory
2023,Respiratory
2023,Respiratory
2023,Respiratory
2023,Respiratory
2023,Respiratory
2023,Respiratory
2023,Respiratory
2023,Respiratory
2023,Respiratory
2023,Respiratory
2023,Respiratory
2023,Respiratory
2023,Respiratory
2023,Respiratory
2023,Respiratory
2023,Respiratory
2023,Enteric
2023,Respiratory
2023,Respiratory
2023,Respiratory
2023,Respiratory
2023,Respiratory
2023,Respiratory
2023,Respiratory
2023,Respiratory
2023,Respiratory
2023,Respiratory
2023,Respiratory
2023,Respiratory
2023,Respiratory
2023,Respiratory
2023,Respiratory
2023,Respiratory
2023,Respiratory
2023,Respiratory
2023,Respiratory
2023,Respiratory
2023,Respiratory
2023,Respiratory
2023,Respiratory
2023,Respiratory
2023,Respiratory
2023,Respiratory
2023,Respiratory
2023,Respiratory
2023,Respiratory
2023,Respiratory
2023,Respiratory
2023,Respiratory
2023,Respiratory
2023,Respiratory
2023,Enteric
2023,Respiratory
2023,Respiratory
2023,Respiratory
2023,Respiratory
2023,Respiratory
2023,Respiratory
2023,Respiratory
2023,Respiratory
2023,Respiratory
2023,Respiratory
2023,Respiratory
2023,Respiratory
2023,Respiratory
2023,Respiratory
2023,Respiratory
2023,Respiratory
2023,Respiratory
2023,Respiratory
2023,Respiratory
2023,Respiratory
2023,Respiratory
2023,Respiratory
2023,Respiratory
2023,Respiratory
2023,Respiratory
2023,Respiratory
2023,Respiratory
2023,Respiratory
2023,Respiratory
2023,Respiratory
2023,Respiratory
2023,Respiratory
2023,Respiratory
2023,Respiratory
2023,Respiratory
2023,Respiratory
2023,Respiratory
2023,Respiratory
2023,Respiratory
2023,Respiratory
2023,Respiratory
2023,Respiratory
2023,Respiratory
2023,Respiratory
2023,Respiratory
2023,Respiratory
2023,Respiratory
2023,Respiratory
2023,Respiratory
2023,Respiratory
2023,Respiratory
2023,Respiratory
2023,Respiratory
2023,Respiratory
2023,Respiratory
2023,Respiratory
2023,Respiratory
2023,Respiratory
2023,Respiratory
2023,Respiratory
2023,Respiratory
2023,Respiratory
2023,Respiratory
2023,Respiratory
2023,Respiratory
2023,Respiratory
2023,Respiratory
2023,Respiratory
2023,Respiratory
2023,Respiratory
2023,Respiratory
2023,Respiratory
2023,Respiratory
2023,Respiratory
2023,Respiratory
2023,Respiratory
2023,Respiratory
2023,Respiratory
2023,Respiratory
2023,Respiratory
2023,Respiratory
2023,Respiratory
2023,Respiratory
2023,Respiratory
2023,Respiratory
2023,Respiratory
2023,Respiratory
2023,Respiratory
2023,Respiratory
2023,Respiratory
2023,Respiratory
2023,Respiratory
2023,Respiratory
2023,Respiratory
2023,Respiratory
2023,Respiratory
2023,Respiratory
2023,Respiratory
2023,Respiratory
2023,Respiratory
2023,Respiratory
2023,Respiratory
2023,Respiratory
2023,Respiratory
2023,Respiratory
2023,Respiratory
2023,Respiratory
2023,Respiratory
2023,Respiratory
2023,Respiratory
2023,Respiratory
2023,Respiratory
2023,Respiratory
2023,Respiratory
2023,Respiratory
2023,Respiratory
2023,Respiratory
2023,Respiratory
2023,Respiratory
2023,Respiratory
2023,Respiratory
2023,Respiratory
2023,Respiratory
2023,Respiratory
2023,Respiratory
2023,Respiratory
2023,Respiratory
2023,Respiratory
2023,Respiratory
2023,Respiratory
2023,Respiratory
2023,Respiratory
2023,Enteric
2023,Respiratory
2023,Respiratory
2023,Respiratory
2023,Respiratory
2023,Respiratory
2023,Respiratory
2023,Respiratory
2023,Respiratory
2023,Respiratory
2023,Respiratory
2023,Respiratory
2023,Respiratory
2023,Respiratory
2023,Respiratory
2023,Respiratory
2023,Respiratory
2023,Respiratory
2023,Respiratory
2023,Respiratory
2023,Respiratory
2023,Respiratory
2023,Respiratory
2023,Enteric
2023,Respiratory
2023,Respiratory
2023,Respiratory
2023,Respiratory
2023,Respiratory
2023,Respiratory
2023,Respiratory
2023,Respiratory
2023,Respiratory
2023,Respiratory
2023,Respiratory
2023,Respiratory
2023,Respiratory
2023,Respiratory
2023,Enteric
2023,Respiratory
2023,Respiratory
2023,Respiratory
2023,Respiratory
2023,Respiratory
2023,Respiratory
2023,Respiratory
2023,Respiratory
2023,Respiratory
2023,Respiratory
2023,Respiratory
2023,Respiratory
2023,Respiratory
2023,Respiratory
2023,Respiratory
2023,Respiratory
2023,Respiratory
2023,Respiratory
2023,Respiratory
2023,Respiratory
2023,Respiratory
2023,Respiratory
2023,Respiratory
2023,Respiratory
2023,Respiratory
2023,Enteric
2023,Respiratory
2023,Respiratory
2023,Respiratory
2023,Respiratory
2023,Respiratory
2023,Enteric
2023,Respiratory
2023,Respiratory
2023,Respiratory
2023,Respiratory
2023,Respiratory
2023,Respiratory
2023,Respiratory
2023,Respiratory
2023,Respiratory
2023,Respiratory
2023,Respiratory
2023,Enteric
2023,Respiratory
2023,Respiratory
2023,Respiratory
2023,Respiratory
2023,Respiratory
2023,Respiratory
2023,Respiratory
2023,Respiratory
2023,Respiratory
2023,Respiratory
2023,Respiratory
2023,Respiratory
2023,Respiratory
2023,Respiratory
2023,Respiratory
2023,Respiratory
2023,Respiratory
2023,Enteric
2023,Respiratory
2023,Respiratory
2023,Respiratory
2023,Respiratory
2023,Respiratory
2023,Respiratory
2023,Respiratory
2023,Respiratory
2023,Respiratory
2023,Respiratory
2023,Respiratory
2023,Respiratory
2023,Respiratory
2023,Respiratory
2023,Enteric
2023,Respiratory
2023,Respiratory
2023,Respiratory
2023,Respiratory
2023,Respiratory
2023,Respiratory
2023,Respiratory
2023,Respiratory
2023,Respiratory
2023,Respiratory
2023,Respiratory
2023,Respiratory
2023,Respiratory
2023,Respiratory
2023,Respiratory
2023,Respiratory
2023,Respiratory
2023,Respiratory
2023,Respiratory
2023,Respiratory
2023,Respiratory
2023,Respiratory
2023,Respiratory
2023,Respiratory
2023,Enteric
2023,Respiratory
2023,Respiratory
2023,Respiratory
2023,Respiratory
2023,Respiratory
2023,Respiratory
2023,Respiratory
2023,Respiratory
2023,Respiratory
2023,Respiratory
2023,Respiratory
2023,Respiratory
2023,Respiratory
2023,Respiratory
2023,Respiratory
2023,Respiratory
2023,Respiratory
2023,Respiratory
2023,Respiratory
2023,Respiratory
2023,Respiratory
2023,Respiratory
2023,Respiratory
2023,Respiratory
2023,Respiratory
2023,Respiratory
2023,Respiratory
2023,Respiratory
2023,Respiratory
2023,Respiratory
2023,Respiratory
2023,Respiratory
2023,Respiratory
2023,Respiratory
2023,Respiratory
2023,Respiratory
2023,Respiratory
2023,Respiratory
2023,Respiratory
2023,Respiratory
2023,Enteric
2023,Respiratory
2023,Respiratory
2023,Respiratory
2023,Respiratory
2023,Respiratory
2023,Enteric
2023,Respiratory
2023,Respiratory
2023,Respiratory
2023,Respiratory
2023,Respiratory
2023,Respiratory
2023,Enteric
2023,Respiratory
2023,Respiratory
2023,Respiratory
2023,Respiratory
2023,Respiratory
2023,Respiratory
2023,Respiratory
2023,Respiratory
2023,Respiratory
2023,Respiratory
2023,Respiratory
2023,Respiratory
2023,Respiratory
2023,Respiratory
2023,Respiratory
2023,Respiratory
2023,Respiratory
2023,Enteric
2023,Respiratory
2023,Respiratory
2023,Respiratory
2023,Respiratory
2023,Respiratory
2023,Respiratory
2023,Respiratory
2023,Respiratory
2023,Respiratory
2023,Respiratory
2023,Respiratory
2023,Respiratory
2023,Respiratory
2023,Respiratory
2023,Respiratory
2023,Respiratory
2023,Enteric
2023,Enteric
2023,Respiratory
2023,Respiratory
2023,Respiratory
2023,Respiratory
2023,Respiratory
2023,Respiratory
2023,Respiratory
2023,Respiratory
2023,Respiratory
2023,Respiratory
2023,Respiratory
2023,Respiratory
2023,Respiratory
2023,Respiratory
2023,Respiratory
2023,Respiratory
2023,Respiratory
2023,Respiratory
2023,Respiratory
2023,Respiratory
2023,Other
2023,Respiratory
2023,Respiratory
2023,Respiratory
2023,Respiratory
2023,Respiratory
2023,Respiratory
2023,Respiratory
2023,Respiratory
2023,Respiratory
2023,Respiratory
2023,Enteric
2023,Respiratory
2023,Respiratory
2023,Respiratory
2023,Respiratory
2023,Respiratory
2023,Respiratory
2023,Respiratory
2023,Respiratory
2023,Enteric
2023,Respiratory
2023,Respiratory
2023,Respiratory
2023,Respiratory
2023,Respiratory
2023,Respiratory
2023,Respiratory
2023,Enteric
2023,Respiratory
2023,Enteric
2023,Respiratory
2023,Respiratory
2023,Respiratory
2023,Respiratory
2023,Respiratory
2023,Respiratory
2023,Respiratory
2023,Respiratory
2023,Enteric
2023,Respiratory
2023,Respiratory
2023,Respiratory
2023,Respiratory
2023,Respiratory
2023,Respiratory
2023,Respiratory
2023,Respiratory
2023,Enteric
2023,Respiratory
2023,Respiratory
2023,Respiratory
2023,Respiratory
2023,Respiratory
2023,Respiratory
2023,Enteric
2023,Respiratory
2023,Respiratory
2023,Respiratory
2023,Respiratory
2023,Respiratory
2023,Respiratory
2023,Respiratory
2023,Respiratory
2023,Respiratory
2023,Respiratory
2023,Respiratory
2023,Respiratory
2023,Enteric
2023,Respiratory
2023,Respiratory
2023,Respiratory
2023,Respiratory
2023,Respiratory
2023,Respiratory
2023,Respiratory
2023,Respiratory
2023,Respiratory
2023,Respiratory
2023,Respiratory
2023,Respiratory
2023,Respiratory
2023,Respiratory
2023,Respiratory
2023,Respiratory
2023,Enteric
2023,Respiratory
2023,Enteric
2023,Respiratory
2023,Respiratory
2023,Respiratory
2023,Respiratory
2023,Respiratory
2023,Respiratory
2023,Respiratory
2023,Respiratory
2023,Respiratory
2023,Respiratory
2023,Enteric
2023,Respiratory
2023,Respiratory
2023,Respiratory
2023,Respiratory
2023,Respiratory
2023,Respiratory
2023,Respiratory
2023,Enteric
2023,Enteric
2023,Respiratory
2023,Respiratory
2023,Respiratory
2023,Respiratory
2023,Respiratory
2023,Respiratory
2023,Respiratory
2023,Respiratory
2023,Enteric
2023,Respiratory
2023,Respiratory
2023,Other
2023,Respiratory
2023,Respiratory
2023,Respiratory
2023,Respiratory
2023,Respiratory
2023,Respiratory
2023,Respiratory
2023,Respiratory
2023,Respiratory
2023,Respiratory
2023,Respiratory
2023,Respiratory
2023,Respiratory
2023,Respiratory
2023,Respiratory
2023,Respiratory
2023,Respiratory
2023,Respiratory
2023,Respiratory
2023,Respiratory
2023,Respiratory
2023,Respiratory
2023,Respiratory
2023,Respiratory
2023,Enteric
2023,Enteric
2023,Respiratory
2023,Respiratory
2023,Respiratory
2023,Respiratory
2023,Respiratory
2023,Enteric
2023,Respiratory
2023,Respiratory
2023,Respiratory
2023,Enteric
2023,Respiratory
2023,Respiratory
2023,Respiratory
2023,Respiratory
2023,Respiratory
2023,Respiratory
2023,Respiratory
2023,Respiratory
2023,Respiratory
2023,Respiratory
2023,Respiratory
2023,Respiratory
2023,Respiratory
2023,Respiratory
2023,Respiratory
2023,Respiratory
2023,Respiratory
2023,Respiratory
2023,Respiratory
2023,Respiratory
2023,Respiratory
2023,Respiratory
2023,Respiratory
2023,Respiratory
2023,Respiratory
2023,Respiratory
2023,Respiratory
2023,Respiratory
2023,Respiratory
2023,Respiratory
2023,Respiratory
2023,Enteric
2023,Respiratory
2023,Respiratory
2023,Respiratory
2023,Respiratory
2023,Respiratory
2023,Respiratory
2023,Respiratory
2023,Respiratory
2023,Respiratory
2023,Respiratory
2023,Respiratory
2023,Respiratory
2023,Respiratory
2023,Respiratory
2023,Respiratory
2023,Respiratory
2023,Respiratory
2023,Enteric
2023,Respiratory
2023,Respiratory
2023,Respiratory
2023,Respiratory
2023,Respiratory
2023,Respiratory
2023,Respiratory
2023,Respiratory
2023,Respiratory
2023,Respiratory
2023,Respiratory
2023,Respiratory
2023,Respiratory
2023,Respiratory
2023,Respiratory
2023,Respiratory
2023,Respiratory
2023,Respiratory
2023,Respiratory
2023,Respiratory
2023,Respiratory
2023,Respiratory
2023,Respiratory
2023,Respiratory
2023,Respiratory
2023,Respiratory
2023,Respiratory
2023,Respiratory
2023,Respiratory
2023,Respiratory
2023,Respiratory
2023,Respiratory
2023,Enteric
2023,Respiratory
2023,Respiratory
2023,Respiratory
2023,Respiratory
2023,Respiratory
2023,Respiratory
2023,Respiratory
2023,Respiratory
2023,Respiratory
2023,Respiratory
2023,Respiratory
2023,Enteric
2023,Respiratory
2023,Respiratory
2023,Respiratory
2023,Respiratory
2023,Respiratory
2023,Enteric
2023,Respiratory
2023,Respiratory
2023,Respiratory
2023,Respiratory
2023,Respiratory
2023,Respiratory
2023,Respiratory
2023,Respiratory
2023,Respiratory
2023,Respiratory
2023,Respiratory
2023,Respiratory
2023,Respiratory
2023,Respiratory
2023,Respiratory
2023,Respiratory
2023,Respiratory
2023,Respiratory
2023,Respiratory
2023,Respiratory
2023,Respiratory
2023,Respiratory
2023,Respiratory
2022,Respiratory
2022,Respiratory
2022,Respiratory
2022,Respiratory
2022,Respiratory
2022,Respiratory
2022,Respiratory
2022,Respiratory
2022,Respiratory
2022,Respiratory
2022,Respiratory
2022,Respiratory
2022,Respiratory
2022,Respiratory
2022,Respiratory
2022,Respiratory
2022,Respiratory
2022,Respiratory
2022,Enteric
2022,Other
2022,Respiratory
2022,Respiratory
2022,Respiratory
2022,Respiratory
2022,Respiratory
2022,Respiratory
2022,Respiratory
2022,Enteric
2022,Respiratory
2022,Respiratory
2022,Enteric
2022,Respiratory
2022,Respiratory
2022,Respiratory
2022,Enteric
2022,Respiratory
2022,Respiratory
2022,Respiratory
2022,Respiratory
2022,Respiratory
2022,Respiratory
2022,Respiratory
2022,Respiratory
2022,Respiratory
2022,Respiratory
2022,Respiratory
2022,Respiratory
2022,Respiratory
2022,Enteric
2022,Respiratory
2022,Respiratory
2022,Respiratory
2022,Respiratory
2022,Respiratory
2022,Respiratory
2022,Respiratory
2022,Respiratory
2022,Respiratory
2022,Respiratory
2022,Respiratory
2022,Respiratory
2022,Respiratory
2022,Enteric
2022,Respiratory
2022,Respiratory
2022,Respiratory
2022,Respiratory
2022,Respiratory
2022,Respiratory
2022,Respiratory
2022,Respiratory
2022,Respiratory
2022,Respiratory
2022,Respiratory
2022,Respiratory
2022,Respiratory
2022,Respiratory
2022,Respiratory
2022,Respiratory
2022,Respiratory
2022,Respiratory
2022,Respiratory
2022,Respiratory
2022,Respiratory
2022,Respiratory
2022,Respiratory
2022,Enteric
2022,Respiratory
2022,Respiratory
2022,Respiratory
2022,Respiratory
2022,Respiratory
2022,Respiratory
2022,Respiratory
2022,Respiratory
2022,Respiratory
2022,Respiratory
2022,Respiratory
2022,Respiratory
2022,Enteric
2022,Respiratory
2022,Respiratory
2022,Respiratory
2022,Enteric
2022,Respiratory
2022,Respiratory
2022,Respiratory
2022,Respiratory
2022,Respiratory
2022,Respiratory
2022,Respiratory
2022,Respiratory
2022,Respiratory
2022,Respiratory
2022,Respiratory
2022,Respiratory
2022,Respiratory
2022,Respiratory
2022,Respiratory
2022,Respiratory
2022,Respiratory
2022,Respiratory
2022,Respiratory
2022,Respiratory
2022,Respiratory
2022,Respiratory
2022,Respiratory
2022,Respiratory
2022,Respiratory
2022,Other
2022,Respiratory
2022,Respiratory
2022,Respiratory
2022,Respiratory
2022,Respiratory
2022,Respiratory
2022,Respiratory
2022,Respiratory
2022,Respiratory
2022,Respiratory
2022,Respiratory
2022,Respiratory
2022,Respiratory
2022,Respiratory
2022,Respiratory
2022,Enteric
2022,Respiratory
2022,Respiratory
2022,Respiratory
2022,Respiratory
2022,Respiratory
2022,Respiratory
2022,Respiratory
2022,Enteric
2022,Respiratory
2022,Respiratory
2022,Respiratory
2022,Respiratory
2022,Respiratory
2022,Respiratory
2022,Respiratory
2022,Respiratory
2022,Respiratory
2022,Respiratory
2022,Respiratory
2022,Respiratory
2022,Respiratory
2022,Respiratory
2022,Respiratory
2022,Respiratory
2022,Respiratory
2022,Respiratory
2022,Respiratory
2022,Respiratory
2022,Respiratory
2022,Respiratory
2022,Respiratory
2022,Respiratory
2022,Respiratory
2022,Respiratory
2022,Respiratory
2022,Respiratory
2022,Respiratory
2022,Respiratory
2022,Respiratory
2022,Respiratory
2022,Respiratory
2022,Respiratory
2022,Respiratory
2022,Respiratory
2022,Respiratory
2022,Respiratory
2022,Respiratory
2022,Respiratory
2022,Respiratory
2022,Respiratory
2022,Respiratory
2022,Respiratory
2022,Respiratory
2022,Respiratory
2022,Respiratory
2022,Respiratory
2022,Respiratory
2022,Respiratory
2022,Respiratory
2022,Respiratory
2022,Respiratory
2022,Respiratory
2022,Respiratory
2022,Respiratory
2022,Respiratory
2022,Respiratory
2022,Respiratory
2022,Respiratory
2022,Respiratory
2022,Respiratory
2022,Respiratory
2022,Respiratory
2022,Respiratory
2022,Respiratory
2022,Respiratory
2022,Respiratory
2022,Respiratory
2022,Respiratory
2022,Respiratory
2022,Respiratory
2022,Respiratory
2022,Respiratory
2022,Respiratory
2022,Respiratory
2022,Respiratory
2022,Respiratory
2022,Respiratory
2022,Respiratory
2022,Respiratory
2022,Respiratory
2022,Respiratory
2022,Respiratory
2022,Respiratory
2022,Respiratory
2022,Respiratory
2022,Respiratory
2022,Respiratory
2022,Respiratory
2022,Respiratory
2022,Respiratory
2022,Respiratory
2022,Respiratory
2022,Respiratory
2022,Respiratory
2022,Respiratory
2022,Respiratory
2022,Respiratory
2022,Respiratory
2022,Respiratory
2022,Respiratory
2022,Respiratory
2022,Respiratory
2022,Respiratory
2022,Respiratory
2022,Respiratory
2022,Respiratory
2022,Respiratory
2022,Respiratory
2022,Respiratory
2022,Respiratory
2022,Respiratory
2022,Respiratory
2022,Respiratory
2022,Respiratory
2022,Respiratory
2022,Respiratory
2022,Respiratory
2022,Respiratory
2022,Respiratory
2022,Respiratory
2022,Respiratory
2022,Respiratory
2022,Respiratory
2022,Respiratory
2022,Respiratory
2022,Respiratory
2022,Respiratory
2022,Respiratory
2022,Respiratory
2022,Respiratory
2022,Respiratory
2022,Respiratory
2022,Respiratory
2022,Respiratory
2022,Respiratory
2022,Respiratory
2022,Respiratory
2022,Respiratory
2022,Respiratory
2022,Respiratory
2022,Respiratory
2022,Respiratory
2022,Respiratory
2022,Respiratory
2022,Respiratory
2022,Respiratory
2022,Respiratory
2022,Respiratory
2022,Respiratory
2022,Respiratory
2022,Respiratory
2022,Respiratory
2022,Respiratory
2022,Respiratory
2022,Respiratory
2022,Respiratory
2022,Respiratory
2022,Respiratory
2022,Respiratory
2022,Respiratory
2022,Respiratory
2022,Respiratory
2022,Respiratory
2022,Respiratory
2022,Respiratory
2022,Respiratory
2022,Respiratory
2022,Respiratory
2022,Respiratory
2022,Respiratory
2022,Respiratory
2022,Respiratory
2022,Respiratory
2022,Respiratory
2022,Respiratory
2022,Enteric
2022,Respiratory
2022,Respiratory
2022,Respiratory
2022,Respiratory
2022,Respiratory
2022,Respiratory
2022,Respiratory
2022,Respiratory
2022,Respiratory
2022,Respiratory
2022,Respiratory
2022,Respiratory
2022,Respiratory
2022,Respiratory
2022,Respiratory
2022,Respiratory
2022,Respiratory
2022,Respiratory
2022,Respiratory
2022,Respiratory
2022,Respiratory
2022,Respiratory
2022,Respiratory
2022,Respiratory
2022,Respiratory
2022,Respiratory
2022,Respiratory
2022,Respiratory
2022,Respiratory
2022,Respiratory
2022,Respiratory
2022,Respiratory
2022,Respiratory
2022,Respiratory
2022,Respiratory
2022,Respiratory
2022,Respiratory
2022,Respiratory
2022,Respiratory
2022,Respiratory
2022,Respiratory
2022,Respiratory
2022,Respiratory
2022,Respiratory
2022,Respiratory
2022,Respiratory
2022,Respiratory
2022,Respiratory
2022,Respiratory
2022,Respiratory
2022,Respiratory
2022,Respiratory
2022,Respiratory
2022,Respiratory
2022,Respiratory
2022,Respiratory
2022,Respiratory
2022,Respiratory
2022,Respiratory
2022,Respiratory
2022,Respiratory
2022,Respiratory
2022,Respiratory
2022,Respiratory
2022,Respiratory
2022,Respiratory
2022,Respiratory
2022,Respiratory
2022,Respiratory
2022,Respiratory
2022,Respiratory
2022,Respiratory
2022,Respiratory
2022,Respiratory
2022,Respiratory
2022,Respiratory
2022,Respiratory
2022,Respiratory
2022,Respiratory
2022,Respiratory
2022,Respiratory
2022,Respiratory
2022,Respiratory
2022,Respiratory
2022,Respiratory
2022,Respiratory
2022,Respiratory
2022,Respiratory
2022,Respiratory
2022,Respiratory
2022,Respiratory
2022,Respiratory
2022,Respiratory
2022,Respiratory
2022,Respiratory
2022,Respiratory
2022,Respiratory
2022,Respiratory
2022,Respiratory
2022,Respiratory
2022,Respiratory
2022,Respiratory
2022,Respiratory
2022,Respiratory
2022,Respiratory
2022,Respiratory
2022,Respiratory
2022,Respiratory
2022,Respiratory
2022,Respiratory
2022,Respiratory
2022,Respiratory
2022,Respiratory
2022,Respiratory
2022,Respiratory
2022,Respiratory
2022,Respiratory
2022,Respiratory
2022,Respiratory
2022,Respiratory
2022,Respiratory
2022,Respiratory
2022,Respiratory
2022,Respiratory
2022,Respiratory
2022,Respiratory
2022,Enteric
2022,Respiratory
2022,Respiratory
2022,Respiratory
2022,Respiratory
2022,Respiratory
2022,Respiratory
2022,Respiratory
2022,Respiratory
2022,Respiratory
2022,Respiratory
2022,Respiratory
2022,Respiratory
2022,Respiratory
2022,Respiratory
2022,Respiratory
2022,Respiratory
2022,Respiratory
2022,Respiratory
2022,Respiratory
2022,Respiratory
2022,Respiratory
2022,Respiratory
2022,Respiratory
2022,Respiratory
2022,Enteric
2022,Respiratory
2022,Respiratory
2022,Respiratory
2022,Respiratory
2022,Respiratory
2022,Respiratory
2022,Respiratory
2022,Respiratory
2022,Respiratory
2022,Respiratory
2022,Respiratory
2022,Respiratory
2022,Respiratory
2022,Respiratory
2022,Respiratory
2022,Respiratory
2022,Respiratory
2022,Respiratory
2022,Respiratory
2022,Respiratory
2022,Respiratory
2022,Respiratory
2022,Respiratory
2022,Respiratory
2022,Respiratory
2022,Enteric
2022,Respiratory
2022,Respiratory
2022,Respiratory
2022,Respiratory
2022,Respiratory
2022,Respiratory
2022,Respiratory
2022,Respiratory
2022,Respiratory
2022,Respiratory
2022,Respiratory
2022,Respiratory
2022,Respiratory
2022,Respiratory
2022,Respiratory
2022,Respiratory
2022,Respiratory
2022,Respiratory
2022,Respiratory
2022,Respiratory
2022,Respiratory
2022,Respiratory
2022,Respiratory
2022,Respiratory
2022,Respiratory
2022,Respiratory
2022,Respiratory
2022,Respiratory
2022,Respiratory
2022,Respiratory
2022,Respiratory
2022,Respiratory
2022,Respiratory
2022,Respiratory
2022,Respiratory
2022,Respiratory
2022,Respiratory
2022,Respiratory
2022,Respiratory
2022,Respiratory
2022,Respiratory
2022,Respiratory
2022,Respiratory
2022,Respiratory
2022,Respiratory
2022,Respiratory
2022,Respiratory
2022,Respiratory
2022,Respiratory
2022,Respiratory
2022,Respiratory
2022,Respiratory
2022,Respiratory
2022,Respiratory
2022,Respiratory
2022,Respiratory
2022,Respiratory
2022,Respiratory
2022,Respiratory
2022,Respiratory
2022,Respiratory
2022,Respiratory
2022,Respiratory
2022,Respiratory
2022,Respiratory
2022,Respiratory
2022,Respiratory
2022,Respiratory
2022,Respiratory
2022,Respiratory
2022,Respiratory
2022,Respiratory
2022,Respiratory
2022,Respiratory
2022,Respiratory
2022,Enteric
2022,Respiratory
2022,Respiratory
2022,Respiratory
2022,Respiratory
2022,Respiratory
2022,Other
2022,Respiratory
2022,Respiratory
2022,Respiratory
2022,Respiratory
2022,Respiratory
2022,Respiratory
2022,Respiratory
2022,Respiratory
2022,Respiratory
2022,Respiratory
2022,Respiratory
2022,Respiratory
2022,Respiratory
2022,Respiratory
2022,Respiratory
2022,Respiratory
2022,Respiratory
2022,Respiratory
2022,Respiratory
2022,Respiratory
2022,Respiratory
2022,Respiratory
2022,Respiratory
2022,Respiratory
2022,Respiratory
2022,Respiratory
2022,Respiratory
2022,Respiratory
2022,Respiratory
2022,Respiratory
2022,Respiratory
2022,Respiratory
2022,Respiratory
2022,Respiratory
2022,Respiratory
2022,Respiratory
2022,Respiratory
2022,Respiratory
2022,Respiratory
2022,Respiratory
2022,Respiratory
2022,Respiratory
2022,Respiratory
2022,Respiratory
2022,Respiratory
2022,Respiratory
2022,Respiratory
2022,Respiratory
2022,Respiratory
2022,Respiratory
2022,Respiratory
2022,Respiratory
2022,Respiratory
2022,Respiratory
2022,Respiratory
2022,Respiratory
2022,Respiratory
2022,Respiratory
2022,Respiratory
2022,Respiratory
2022,Respiratory
2022,Respiratory
2022,Respiratory
2022,Respiratory
2022,Respiratory
2022,Respiratory
2022,Respiratory
2022,Respiratory
2022,Respiratory
2022,Respiratory
2022,Respiratory
2022,Respiratory
2022,Respiratory
2022,Respiratory
2022,Respiratory
2022,Respiratory
2022,Respiratory
2022,Respiratory
2022,Respiratory
2022,Respiratory
2022,Respiratory
2022,Respiratory
2022,Respiratory
2022,Respiratory
2022,Respiratory
2022,Respiratory
2022,Respiratory
2022,Respiratory
2022,Respiratory
2022,Respiratory
2022,Respiratory
2022,Respiratory
2022,Respiratory
2022,Respiratory
2022,Respiratory
2022,Respiratory
2022,Respiratory
2022,Respiratory
2022,Respiratory
2022,Respiratory
2022,Respiratory
2022,Respiratory
2022,Respiratory
2022,Respiratory
2022,Respiratory
2022,Respiratory
2022,Respiratory
2022,Respiratory
2022,Respiratory
2022,Respiratory
2022,Enteric
2022,Respiratory
2022,Respiratory
2022,Respiratory
2022,Respiratory
2022,Respiratory
2022,Respiratory
2022,Respiratory
2022,Respiratory
2022,Respiratory
2022,Respiratory
2022,Respiratory
2022,Respiratory
2022,Respiratory
2022,Respiratory
2022,Respiratory
2022,Respiratory
2022,Respiratory
2022,Respiratory
2022,Respiratory
2022,Respiratory
2022,Respiratory
2022,Respiratory
2022,Respiratory
2022,Respiratory
2022,Respiratory
2022,Respiratory
2022,Respiratory
2022,Respiratory
2022,Respiratory
2022,Respiratory
2022,Respiratory
2022,Respiratory
2022,Respiratory
2022,Respiratory
2022,Respiratory
2022,Respiratory
2022,Respiratory
2022,Respiratory
2022,Respiratory
2022,Respiratory
2022,Respiratory
2022,Respiratory
2022,Respiratory
2022,Respiratory
2022,Respiratory
2022,Respiratory
2022,Respiratory
2022,Respiratory
2022,Respiratory
2022,Respiratory
2022,Respiratory
2022,Respiratory
2022,Respiratory
2022,Respiratory
2022,Respiratory
2022,Respiratory
2022,Respiratory
2022,Respiratory
2022,Respiratory
2022,Respiratory
2022,Respiratory
2022,Respiratory
2022,Respiratory
2022,Respiratory
2022,Respiratory
2022,Respiratory
2022,Respiratory
2022,Respiratory
2022,Respiratory
2022,Respiratory
2022,Respiratory
2022,Respiratory
2022,Respiratory
2022,Respiratory
2022,Respiratory
2022,Respiratory
2022,Respiratory
2022,Respiratory
2022,Respiratory
2022,Respiratory
2022,Respiratory
2022,Respiratory
2022,Respiratory
2022,Respiratory
2022,Respiratory
2022,Respiratory
2022,Respiratory
2022,Respiratory
2022,Respiratory
2022,Respiratory
2022,Respiratory
2022,Respiratory
2022,Respiratory
2022,Respiratory
2022,Respiratory
2022,Respiratory
2022,Respiratory
2022,Respiratory
2022,Respiratory
2022,Respiratory
2022,Respiratory
2022,Respiratory
2022,Respiratory
2022,Respiratory
2022,Respiratory
2022,Respiratory
2022,Respiratory
2022,Respiratory
2022,Respiratory
2022,Enteric
2022,Respiratory
2022,Respiratory
2022,Respiratory
2022,Respiratory
2022,Respiratory
2022,Respiratory
2022,Respiratory
2022,Respiratory
2022,Respiratory
2022,Respiratory
2022,Respiratory
2022,Respiratory
2022,Respiratory
2022,Respiratory
2022,Respiratory
2022,Respiratory
2022,Respiratory
2022,Respiratory
2022,Respiratory
2022,Respiratory
2022,Respiratory
2022,Respiratory
2022,Respiratory
2022,Respiratory
2022,Respiratory
2022,Respiratory
2022,Respiratory
2022,Respiratory
2022,Respiratory
2022,Respiratory
2022,Respiratory
2022,Respiratory
2022,Respiratory
2022,Enteric
2022,Respiratory
2022,Respiratory
2022,Respiratory
2022,Respiratory
2022,Respiratory
2022,Respiratory
2022,Respiratory
2022,Respiratory
2022,Respiratory
2022,Respiratory
2022,Respiratory
2022,Respiratory
2022,Respiratory
2022,Respiratory
2022,Respiratory
2022,Respiratory
2022,Respiratory
2022,Respiratory
2022,Respiratory
2022,Respiratory
2022,Respiratory
2022,Respiratory
2022,Respiratory
2022,Respiratory
2022,Respiratory
2022,Respiratory
2022,Respiratory
2022,Respiratory
2022,Respiratory
2022,Respiratory
2022,Respiratory
2022,Respiratory
2022,Respiratory
2022,Respiratory
2022,Respiratory
2022,Respiratory
2022,Respiratory
2022,Respiratory
2022,Respiratory
2022,Respiratory
2022,Respiratory
2022,Respiratory
2022,Respiratory
2022,Respiratory
2022,Respiratory
2022,Respiratory
2022,Respiratory
2022,Respiratory
2022,Respiratory
2022,Respiratory
2022,Respiratory
2022,Respiratory
2022,Respiratory
2022,Respiratory
2022,Respiratory
2022,Respiratory
2022,Respiratory
2022,Respiratory
2022,Respiratory
2022,Respiratory
2022,Respiratory
2022,Respiratory
2022,Respiratory
2022,Respiratory
2022,Respiratory
2022,Respiratory
2022,Respiratory
2022,Respiratory
2022,Respiratory
2022,Respiratory
2022,Respiratory
2022,Respiratory
2022,Respiratory
2022,Respiratory
2022,Respiratory
2022,Respiratory
2022,Respiratory
2022,Respiratory
2022,Respiratory
2022,Respiratory
2022,Respiratory
2022,Respiratory
2022,Respiratory
2022,Respiratory
2022,Respiratory
2022,Respiratory
2022,Respiratory
2022,Respiratory
2022,Respiratory
2022,Respiratory
2022,Respiratory
2022,Enteric
2022,Respiratory
2022,Respiratory
2022,Respiratory
2022,Respiratory
2022,Respiratory
2022,Respiratory
2022,Respiratory
2022,Respiratory
2022,Respiratory
2022,Respiratory
2022,Respiratory
2022,Respiratory
2022,Respiratory
2022,Respiratory
2022,Respiratory
2022,Respiratory
2022,Respiratory
2022,Respiratory
2022,Respiratory
2022,Respiratory
2022,Enteric
2022,Respiratory
2022,Respiratory
2022,Respiratory
2022,Respiratory
2022,Respiratory
2022,Respiratory
2022,Enteric
2022,Respiratory
2022,Respiratory
2022,Respiratory
2022,Respiratory
2022,Enteric
2022,Respiratory
2022,Respiratory
2022,Respiratory
2022,Respiratory
2022,Respiratory
2022,Respiratory
2022,Respiratory
2022,Respiratory
2022,Respiratory
2022,Respiratory
2022,Respiratory
2022,Respiratory
2022,Respiratory
2022,Respiratory
2022,Respiratory
2022,Respiratory
2022,Respiratory
2022,Respiratory
2022,Respiratory
2022,Respiratory
2022,Respiratory
2022,Respiratory
2022,Respiratory
2022,Respiratory
2022,Respiratory
2022,Respiratory
2022,Respiratory
2022,Respiratory
2022,Respiratory
2022,Respiratory
2022,Respiratory
2022,Respiratory
2022,Respiratory
2022,Respiratory
2022,Respiratory
2022,Respiratory
2022,Respiratory
2022,Respiratory
2022,Respiratory
2022,Respiratory
2022,Respiratory
2022,Respiratory
2022,Respiratory
2022,Respiratory
2022,Respiratory
2022,Respiratory
2022,Respiratory
2022,Respiratory
2022,Respiratory
2022,Respiratory
2022,Respiratory
2022,Respiratory
2022,Respiratory
2022,Respiratory
2022,Respiratory
2022,Respiratory
2022,Respiratory
2022,Respiratory
2022,Respiratory
2022,Respiratory
2022,Respiratory
2022,Respiratory
2022,Respiratory
2022,Respiratory
2022,Respiratory
2022,Respiratory
2022,Respiratory
2022,Respiratory
2022,Respiratory
2022,Respiratory
2022,Respiratory
2022,Respiratory
2022,Respiratory
2022,Respiratory
2022,Respiratory
2022,Respiratory
2022,Respiratory
2022,Respiratory
2022,Respiratory
2022,Respiratory
2022,Respiratory
2022,Respiratory
2022,Respiratory
2022,Respiratory
2022,Respiratory
2022,Respiratory
2022,Respiratory
2022,Respiratory
2022,Respiratory
2022,Respiratory
2022,Respiratory
2022,Respiratory
2022,Respiratory
2022,Respiratory
2022,Respiratory
2022,Respiratory
2022,Respiratory
2022,Respiratory
2022,Respiratory
2022,Respiratory
2022,Respiratory
2022,Respiratory
2022,Respiratory
2022,Respiratory
2022,Respiratory
2022,Respiratory
2022,Respiratory
2022,Respiratory
2022,Respiratory
2022,Respiratory
2022,Respiratory
2022,Respiratory
2022,Respiratory
2022,Respiratory
2022,Respiratory
2022,Respiratory
2022,Respiratory
2022,Respiratory
2022,Respiratory
2022,Respiratory
2022,Respiratory
2022,Respiratory
2022,Respiratory
2022,Respiratory
2022,Respiratory
2022,Respiratory
2022,Respiratory
2022,Respiratory
2022,Respiratory
2022,Respiratory
2022,Respiratory
2022,Respiratory
2022,Respiratory
2022,Respiratory
2022,Respiratory
2022,Respiratory
2022,Respiratory
2022,Respiratory
2022,Respiratory
2022,Respiratory
2022,Respiratory
2022,Respiratory
2022,Respiratory
2022,Respiratory
2022,Respiratory
2022,Respiratory
2022,Respiratory
2022,Respiratory
2022,Respiratory
2022,Respiratory
2022,Respiratory
2022,Respiratory
2022,Respiratory
2022,Respiratory
2022,Respiratory
2022,Respiratory
2022,Respiratory
2022,Respiratory
2022,Respiratory
2022,Respiratory
2022,Respiratory
2021,Respiratory
2021,Respiratory
2021,Respiratory
2021,Respiratory
2021,Respiratory
2021,Respiratory
2021,Respiratory
2021,Respiratory
2021,Respiratory
2021,Respiratory
2021,Respiratory
2021,Respiratory
2021,Respiratory
2021,Respiratory
2021,Respiratory
2021,Respiratory
2021,Respiratory
2021,Respiratory
2021,Respiratory
2021,Respiratory
2021,Respiratory
2021,Respiratory
2021,Respiratory
2021,Respiratory
2021,Respiratory
2021,Respiratory
2021,Respiratory
2021,Respiratory
2021,Respiratory
2021,Respiratory
2021,Respiratory
2021,Respiratory
2021,Respiratory
2021,Respiratory
2021,Respiratory
2021,Respiratory
2021,Respiratory
2021,Respiratory
2021,Respiratory
2021,Respiratory
2021,Respiratory
2021,Respiratory
2021,Respiratory
2021,Respiratory
2021,Respiratory
2021,Respiratory
2021,Respiratory
2021,Respiratory
2021,Respiratory
2021,Respiratory
2021,Respiratory
2021,Respiratory
2021,Respiratory
2021,Respiratory
2021,Respiratory
2021,Respiratory
2021,Respiratory
2021,Respiratory
2021,Respiratory
2021,Respiratory
2021,Respiratory
2021,Respiratory
2021,Respiratory
2021,Respiratory
2021,Respiratory
2021,Respiratory
2021,Respiratory
2021,Respiratory
2021,Respiratory
2021,Respiratory
2021,Respiratory
2021,Respiratory
2021,Respiratory
2021,Respiratory
2021,Respiratory
2021,Respiratory
2021,Respiratory
2021,Respiratory
2021,Respiratory
2021,Respiratory
2021,Respiratory
2021,Respiratory
2021,Respiratory
2021,Respiratory
2021,Respiratory
2021,Respiratory
2021,Respiratory
2021,Respiratory
2021,Respiratory
2021,Respiratory
2021,Respiratory
2021,Respiratory
2021,Respiratory
2021,Respiratory
2021,Respiratory
2021,Respiratory
2021,Respiratory
2021,Respiratory
2021,Respiratory
2021,Respiratory
2021,Respiratory
2021,Respiratory
2021,Respiratory
2021,Respiratory
2021,Respiratory
2021,Respiratory
2021,Respiratory
2021,Respiratory
2021,Respiratory
2021,Respiratory
2021,Respiratory
2021,Respiratory
2021,Respiratory
2021,Respiratory
2021,Respiratory
2021,Respiratory
2021,Respiratory
2021,Respiratory
2021,Respiratory
2021,Respiratory
2021,Respiratory
2021,Respiratory
2021,Respiratory
2021,Respiratory
2021,Respiratory
2021,Respiratory
2021,Respiratory
2021,Respiratory
2021,Respiratory
2021,Respiratory
2021,Respiratory
2021,Respiratory
2021,Respiratory
2021,Respiratory
2021,Respiratory
2021,Respiratory
2021,Respiratory
2021,Respiratory
2021,Respiratory
2021,Respiratory
2021,Respiratory
2021,Respiratory
2021,Respiratory
2021,Respiratory
2021,Respiratory
2021,Enteric
2021,Respiratory
2021,Respiratory
2021,Respiratory
2021,Respiratory
2021,Respiratory
2021,Respiratory
2021,Respiratory
2021,Respiratory
2021,Respiratory
2021,Respiratory
2021,Respiratory
2021,Respiratory
2021,Respiratory
2021,Respiratory
2021,Respiratory
2021,Respiratory
2021,Respiratory
2021,Respiratory
2021,Respiratory
2021,Respiratory
2021,Respiratory
2021,Respiratory
2021,Respiratory
2021,Respiratory
2021,Respiratory
2021,Respiratory
2021,Respiratory
2021,Respiratory
2021,Respiratory
2021,Respiratory
2021,Respiratory
2021,Respiratory
2021,Respiratory
2021,Respiratory
2021,Enteric
2021,Respiratory
2021,Enteric
2021,Respiratory
2021,Respiratory
2021,Respiratory
2021,Respiratory
2021,Respiratory
2021,Respiratory
2021,Respiratory
2021,Respiratory
2021,Respiratory
2021,Enteric
2021,Respiratory
2021,Respiratory
2021,Respiratory
2021,Enteric
2021,Respiratory
2021,Respiratory
2021,Respiratory
2021,Respiratory
2021,Respiratory
2021,Respiratory
2021,Respiratory
2021,Respiratory
2021,Respiratory
2021,Respiratory
2021,Respiratory
2021,Respiratory
2021,Respiratory
2021,Respiratory
2021,Respiratory
2021,Respiratory
2021,Respiratory
2021,Respiratory
2021,Respiratory
2021,Respiratory
2021,Enteric
2021,Respiratory
2021,Respiratory
2021,Respiratory
2021,Respiratory
2021,Respiratory
2021,Respiratory
2021,Respiratory
2021,Respiratory
2021,Respiratory
2021,Respiratory
2021,Respiratory
2021,Respiratory
2021,Respiratory
2021,Respiratory
2021,Respiratory
2021,Respiratory
2021,Respiratory
2021,Respiratory
2021,Respiratory
2021,Respiratory
2021,Respiratory
2021,Respiratory
2021,Respiratory
2021,Respiratory
2021,Respiratory
2021,Respiratory
2021,Respiratory
2021,Respiratory
2021,Respiratory
2021,Respiratory
2021,Respiratory
2021,Respiratory
2021,Respiratory
2021,Respiratory
2021,Respiratory
2021,Respiratory
2021,Respiratory
2021,Respiratory
2021,Respiratory
2021,Respiratory
2021,Respiratory
2021,Respiratory
2021,Respiratory
2021,Respiratory
2021,Respiratory
2021,Respiratory
2021,Respiratory
2021,Respiratory
2021,Respiratory
2021,Respiratory
2021,Respiratory
2021,Respiratory
2021,Respiratory
2021,Respiratory
2021,Respiratory
2021,Respiratory
2021,Respiratory
2021,Enteric
2021,Respiratory
2021,Respiratory
2021,Respiratory
2021,Respiratory
2021,Respiratory
2021,Respiratory
2021,Respiratory
2021,Respiratory
2021,Respiratory
2021,Respiratory
2021,Respiratory
2021,Respiratory
2021,Respiratory
2021,Enteric
2021,Respiratory
2021,Respiratory
2021,Respiratory
2021,Respiratory
2021,Respiratory
2021,Respiratory
2021,Respiratory
2021,Respiratory
2021,Respiratory
2021,Respiratory
2021,Respiratory
2021,Respiratory
2021,Respiratory
2021,Respiratory
2021,Respiratory
2021,Respiratory
2021,Respiratory
2021,Respiratory
2021,Respiratory
2021,Respiratory
2021,Respiratory
2021,Respiratory
2021,Respiratory
2021,Respiratory
2021,Respiratory
2021,Respiratory
2021,Respiratory
2021,Respiratory
2021,Respiratory
2021,Respiratory
2021,Respiratory
2021,Respiratory
2021,Enteric
2021,Respiratory
2021,Respiratory
2021,Respiratory
2021,Respiratory
2021,Respiratory
2021,Respiratory
2021,Respiratory
2021,Respiratory
2021,Respiratory
2021,Respiratory
2021,Respiratory
2021,Respiratory
2021,Respiratory
2021,Respiratory
2021,Respiratory
2021,Respiratory
2021,Respiratory
2021,Respiratory
2021,Respiratory
2021,Respiratory
2021,Respiratory
2021,Respiratory
2021,Respiratory
2021,Respiratory
2021,Respiratory
2021,Respiratory
2021,Respiratory
2021,Respiratory
2021,Respiratory
2021,Respiratory
2021,Respiratory
2021,Respiratory
2021,Respiratory
2021,Respiratory
2021,Respiratory
2021,Respiratory
2021,Respiratory
2021,Respiratory
2021,Respiratory
2021,Respiratory
2021,Respiratory
2021,Respiratory
2021,Respiratory
2021,Respiratory
2021,Respiratory
2021,Respiratory
2021,Respiratory
2021,Respiratory
2021,Respiratory
2021,Respiratory
2021,Respiratory
2021,Respiratory
2021,Respiratory
2021,Respiratory
2021,Respiratory
2021,Respiratory
2021,Respiratory
2021,Respiratory
2021,Respiratory
2021,Respiratory
2021,Respiratory
2021,Respiratory
2021,Respiratory
2021,Respiratory
2021,Respiratory
2021,Respiratory
2021,Respiratory
2021,Respiratory
2021,Respiratory
2021,Respiratory
2021,Respiratory
2020,Respiratory
2020,Respiratory
2020,Respiratory
2020,Respiratory
2020,Respiratory
2020,Respiratory
2020,Respiratory
2020,Respiratory
2020,Respiratory
2020,Respiratory
2020,Respiratory
2020,Respiratory
2020,Respiratory
2020,Respiratory
2020,Respiratory
2020,Respiratory
2020,Respiratory
2020,Respiratory
2020,Respiratory
2020,Respiratory
2020,Respiratory
2020,Respiratory
2020,Respiratory
2020,Respiratory
2020,Respiratory
2020,Respiratory
2020,Respiratory
2020,Respiratory
2020,Respiratory
2020,Respiratory
2020,Respiratory
2020,Respiratory
2020,Respiratory
2020,Respiratory
2020,Respiratory
2020,Respiratory
2020,Respiratory
2020,Respiratory
2020,Respiratory
2020,Respiratory
2020,Respiratory
2020,Respiratory
2020,Respiratory
2020,Respiratory
2020,Respiratory
2020,Respiratory
2020,Respiratory
2020,Respiratory
2020,Respiratory
2020,Respiratory
2020,Respiratory
2020,Respiratory
2020,Respiratory
2020,Respiratory
2020,Respiratory
2020,Respiratory
2020,Respiratory
2020,Respiratory
2020,Respiratory
2020,Respiratory
2020,Respiratory
2020,Respiratory
2020,Respiratory
2020,Respiratory
2020,Respiratory
2020,Respiratory
2020,Respiratory
2020,Respiratory
2020,Respiratory
2020,Respiratory
2020,Respiratory
2020,Respiratory
2020,Respiratory
2020,Respiratory
2020,Respiratory
2020,Respiratory
2020,Respiratory
2020,Respiratory
2020,Respiratory
2020,Respiratory
2020,Respiratory
2020,Respiratory
2020,Respiratory
2020,Respiratory
2020,Respiratory
2020,Respiratory
2020,Respiratory
2020,Respiratory
2020,Respiratory
2020,Respiratory
2020,Respiratory
2020,Respiratory
2020,Respiratory
2020,Enteric
2020,Respiratory
2020,Respiratory
2020,Respiratory
2020,Respiratory
2020,Respiratory
2020,Respiratory
2020,Respiratory
2020,Respiratory
2020,Respiratory
2020,Respiratory
2020,Respiratory
2020,Respiratory
2020,Respiratory
2020,Respiratory
2020,Respiratory
2020,Respiratory
2020,Respiratory
2020,Respiratory
2020,Respiratory
2020,Respiratory
2020,Respiratory
2020,Respiratory
2020,Respiratory
2020,Respiratory
2020,Respiratory
2020,Respiratory
2020,Respiratory
2020,Respiratory
2020,Respiratory
2020,Respiratory
2020,Respiratory
2020,Respiratory
2020,Respiratory
2020,Respiratory
2020,Respiratory
2020,Respiratory
2020,Respiratory
2020,Respiratory
2020,Respiratory
2020,Respiratory
2020,Respiratory
2020,Respiratory
2020,Respiratory
2020,Respiratory
2020,Respiratory
2020,Enteric
2020,Respiratory
2020,Respiratory
2020,Respiratory
2020,Respiratory
2020,Respiratory
2020,Respiratory
2020,Respiratory
2020,Respiratory
2020,Respiratory
2020,Respiratory
2020,Respiratory
2020,Respiratory
2020,Respiratory
2020,Respiratory
2020,Respiratory
2020,Respiratory
2020,Respiratory
2020,Respiratory
2020,Respiratory
2020,Respiratory
2020,Respiratory
2020,Respiratory
2020,Respiratory
2020,Respiratory
2020,Respiratory
2020,Respiratory
2020,Respiratory
2020,Respiratory
2020,Respiratory
2020,Respiratory
2020,Respiratory
2020,Respiratory
2020,Respiratory
2020,Respiratory
2020,Respiratory
2020,Respiratory
2020,Respiratory
2020,Respiratory
2020,Respiratory
2020,Respiratory
2020,Respiratory
2020,Respiratory
2020,Respiratory
2020,Respiratory
2020,Respiratory
2020,Respiratory
2020,Respiratory
2020,Respiratory
2020,Respiratory
2020,Respiratory
2020,Respiratory
2020,Respiratory
2020,Respiratory
2020,Respiratory
2020,Respiratory
2020,Respiratory
2020,Respiratory
2020,Respiratory
2020,Respiratory
2020,Respiratory
2020,Respiratory
2020,Respiratory
2020,Respiratory
2020,Respiratory
2020,Respiratory
2020,Respiratory
2020,Respiratory
2020,Respiratory
2020,Respiratory
2020,Respiratory
2020,Respiratory
2020,Enteric
2020,Respiratory
2020,Respiratory
2020,Respiratory
2020,Enteric
2020,Respiratory
2020,Respiratory
2020,Respiratory
2020,Respiratory
2020,Respiratory
2020,Respiratory
2020,Enteric
2020,Respiratory
2020,Respiratory
2020,Enteric
2020,Respiratory
2020,Enteric
2020,Respiratory
2020,Respiratory
2020,Respiratory
2020,Respiratory
2020,Enteric
2020,Respiratory
2020,Respiratory
2020,Respiratory
2020,Enteric
2020,Respiratory
2020,Respiratory
2020,Respiratory
2020,Respiratory
2020,Respiratory
2020,Respiratory
2020,Respiratory
2020,Respiratory
2020,Respiratory
2020,Respiratory
2020,Respiratory
2020,Respiratory
2020,Respiratory
2020,Respiratory
2020,Respiratory
2020,Respiratory
2020,Respiratory
2020,Respiratory
2020,Respiratory
2020,Respiratory
2020,Respiratory
2020,Respiratory
2020,Respiratory
2020,Respiratory
2020,Respiratory
2020,Respiratory
2020,Respiratory
2020,Respiratory
2020,Respiratory
2020,Respiratory
2020,Respiratory
2020,Respiratory
2020,Respiratory
2020,Respiratory
2020,Respiratory
2020,Respiratory
2020,Respiratory
2020,Respiratory
2020,Respiratory
2020,Respiratory
2020,Respiratory
2020,Respiratory
2020,Respiratory
2020,Respiratory
2020,Respiratory
2020,Respiratory
2020,Respiratory
2020,Respiratory
2020,Respiratory
2020,Respiratory
2020,Respiratory
2020,Respiratory
2020,Respiratory
2020,Respiratory
2020,Respiratory
2020,Respiratory
2020,Respiratory
2020,Respiratory
2020,Respiratory
2020,Respiratory
2020,Respiratory
2020,Respiratory
2020,Respiratory
2020,Respiratory
2020,Respiratory
2020,Respiratory
2020,Respiratory
2020,Respiratory
2020,Respiratory
2020,Respiratory
2020,Enteric
2020,Respiratory
2020,Respiratory
2020,Respiratory
2020,Respiratory
2020,Respiratory
2020,Respiratory
2020,Respiratory
2020,Respiratory
2020,Respiratory
2020,Respiratory
2020,Respiratory
2020,Respiratory
2020,Respiratory
2020,Respiratory
2020,Respiratory
2020,Respiratory
2020,Respiratory
2020,Respiratory
2020,Respiratory
2020,Respiratory
2020,Respiratory
2020,Respiratory
2020,Respiratory
2020,Respiratory
2020,Respiratory
2020,Respiratory
2020,Respiratory
2020,Respiratory
2020,Respiratory
2020,Respiratory
2020,Respiratory
2020,Respiratory
2020,Respiratory
2020,Respiratory
2020,Respiratory
2020,Respiratory
2020,Respiratory
2020,Respiratory
2020,Respiratory
2020,Respiratory
2020,Respiratory
2020,Respiratory
2020,Respiratory
2020,Respiratory
2020,Respiratory
2020,Respiratory
2020,Respiratory
2020,Respiratory
2020,Respiratory
2020,Respiratory
2020,Respiratory
2020,Respiratory
2020,Respiratory
2020,Respiratory
2020,Respiratory
2020,Respiratory
2020,Respiratory
2020,Respiratory
2020,Respiratory
2020,Respiratory
2020,Respiratory
2020,Respiratory
2020,Respiratory
2020,Respiratory
2020,Respiratory
2020,Respiratory
2020,Respiratory
2020,Respiratory
2020,Respiratory
2020,Respiratory
2020,Respiratory
2020,Respiratory
2020,Respiratory
2020,Respiratory
2020,Respiratory
2020,Respiratory
2020,Respiratory
2020,Respiratory
2020,Respiratory
2020,Respiratory
2020,Enteric
2020,Respiratory
2020,Respiratory
2020,Respiratory
2020,Respiratory
2020,Respiratory
2020,Respiratory
2020,Respiratory
2020,Respiratory
2020,Respiratory
2020,Respiratory
2020,Respiratory
2020,Respiratory
2020,Respiratory
2020,Respiratory
2020,Respiratory
2020,Respiratory
2020,Respiratory
2020,Respiratory
2020,Respiratory
2020,Respiratory
2020,Respiratory
2020,Respiratory
2020,Respiratory
2020,Respiratory
2020,Respiratory
2020,Respiratory
2020,Respiratory
2020,Respiratory
2020,Respiratory
2020,Respiratory
2020,Respiratory
2020,Respiratory
2020,Respiratory
2020,Respiratory
2020,Respiratory
2020,Respiratory
2020,Respiratory
2020,Respiratory
2020,Respiratory
2020,Respiratory
2020,Respiratory
2020,Respiratory
2020,Respiratory
2020,Respiratory
2020,Respiratory
2020,Respiratory
2020,Respiratory
2020,Respiratory
2020,Respiratory
2020,Respiratory
2020,Respiratory
2020,Respiratory
2020,Respiratory
2020,Respiratory
2020,Respiratory
2020,Enteric
2020,Respiratory
2020,Respiratory
2020,Respiratory
2020,Enteric
2020,Respiratory
2020,Enteric
2020,Respiratory
2020,Enteric
2020,Respiratory
2020,Respiratory
2020,Enteric
2020,Respiratory
2020,Enteric
2020,Respiratory
2020,Respiratory
2020,Enteric
2020,Respiratory
2020,Respiratory
2020,Respiratory
2020,Respiratory
2020,Respiratory
2020,Enteric
2020,Respiratory
2020,Enteric
2020,Enteric
2020,Respiratory
2020,Respiratory
2020,Other
2020,Enteric
2020,Respiratory
2020,Respiratory
2020,Respiratory
2020,Enteric
2020,Respiratory
2020,Respiratory
2020,Respiratory
2020,Respiratory
2020,Enteric
2020,Respiratory
2020,Respiratory
2020,Respiratory
2020,Respiratory
2020,Enteric
2020,Respiratory
2020,Respiratory
2020,Enteric
2020,Respiratory
2020,Respiratory
2020,Respiratory
2020,Respiratory
2020,Respiratory
2020,Respiratory
2020,Respiratory
2020,Respiratory
2020,Respiratory
2020,Respiratory
2020,Respiratory
2020,Respiratory
2020,Respiratory
2020,Respiratory
2020,Respiratory
2020,Respiratory
2020,Respiratory
2020,Respiratory
2020,Respiratory
2020,Respiratory
2020,Respiratory
2020,Respiratory
2020,Respiratory
2020,Respiratory
2020,Respiratory
2020,Respiratory
2020,Respiratory
2020,Respiratory
2020,Respiratory
2020,Enteric
2020,Enteric
2020,Respiratory
2020,Respiratory
2020,Respiratory
2020,Respiratory
2020,Respiratory
2020,Respiratory
2020,Respiratory
2020,Enteric
2020,Respiratory
2020,Respiratory
2020,Respiratory
2020,Respiratory
2020,Respiratory
2020,Respiratory
2020,Respiratory
2020,Enteric
2020,Enteric
2020,Respiratory
2020,Respiratory
2020,Enteric
2020,Respiratory
2020,Respiratory
2020,Respiratory
2020,Respiratory
2020,Respiratory
2020,Respiratory
2020,Enteric
2020,Respiratory
2020,Respiratory
2020,Respiratory
2020,Respiratory
2019,Respiratory
2019,Respiratory
2019,Respiratory
2019,Respiratory
2019,Respiratory
2019,Respiratory
2019,Respiratory
2019,Respiratory
2019,Respiratory
2019,Respiratory
2019,Respiratory
2019,Respiratory
2019,Enteric
2019,Respiratory
2019,Respiratory
2019,Respiratory
2019,Enteric
2019,Enteric
2019,Respiratory
2019,Respiratory
2019,Enteric
2019,Respiratory
2019,Respiratory
2019,Enteric
2019,Respiratory
2019,Enteric
2019,Respiratory
2019,Respiratory
2019,Respiratory
2019,Respiratory
2019,Enteric
2019,Respiratory
2019,Enteric
2019,Respiratory
2019,Respiratory
2019,Respiratory
2019,Enteric
2019,Other
2019,Enteric
2019,Respiratory
2019,Other
2019,Respiratory
2019,Respiratory
2019,Respiratory
2019,Respiratory
2019,Respiratory
2019,Respiratory
2019,Respiratory
2019,Respiratory
2019,Respiratory
2019,Respiratory
2019,Respiratory
2019,Respiratory
2019,Respiratory
2019,Other
2019,Respiratory
2019,Respiratory
2019,Respiratory
2019,Respiratory
2019,Respiratory
2019,Respiratory
2019,Respiratory
2019,Respiratory
2019,Enteric
2019,Other
2019,Respiratory
2019,Respiratory
2019,Respiratory
2019,Respiratory
2019,Enteric
2019,Respiratory
2019,Enteric
2019,Enteric
2019,Enteric
2019,Respiratory
2019,Respiratory
2019,Respiratory
2019,Respiratory
2019,Respiratory
2019,Respiratory
2019,Respiratory
2019,Respiratory
2019,Respiratory
2019,Respiratory
2019,Enteric
2019,Respiratory
2019,Enteric
2019,Respiratory
2019,Respiratory
2019,Respiratory
2019,Respiratory
2019,Respiratory
2019,Respiratory
2019,Respiratory
2019,Respiratory
2019,Respiratory
2019,Enteric
2019,Respiratory
2019,Respiratory
2019,Respiratory
2019,Respiratory
2019,Respiratory
2019,Respiratory
2019,Respiratory
2019,Respiratory
2019,Respiratory
2019,Respiratory
2019,Respiratory
2019,Respiratory
2019,Respiratory
2019,Respiratory
2019,Respiratory
2019,Respiratory
2019,Respiratory
2019,Enteric
2019,Respiratory
2019,Respiratory
2019,Enteric
2019,Respiratory
2019,Respiratory
2019,Respiratory
2019,Respiratory
2019,Enteric
2019,Respiratory
2019,Respiratory
2019,Respiratory
2019,Enteric
2019,Respiratory
2019,Respiratory
2019,Respiratory
2019,Respiratory
2019,Respiratory
2019,Respiratory
2019,Respiratory
2019,Respiratory
2019,Respiratory
2019,Enteric
2019,Respiratory
2019,Respiratory
2019,Respiratory
2019,Respiratory
2019,Respiratory
2019,Respiratory
2019,Enteric
2019,Respiratory
2019,Respiratory
2019,Enteric
2019,Enteric
2019,Respiratory
2019,Respiratory
2019,Respiratory
2019,Enteric
2019,Respiratory
2019,Respiratory
2019,Enteric
2019,Enteric
2019,Respiratory
2019,Enteric
2019,Respiratory
2019,Respiratory
2019,Respiratory
2019,Other
2019,Respiratory
2019,Respiratory
2019,Respiratory
2019,Respiratory
2019,Respiratory
2019,Respiratory
2019,Respiratory
2019,Respiratory
2019,Respiratory
2019,Enteric
2019,Enteric
2019,Respiratory
2019,Respiratory
2019,Enteric
2019,Respiratory
2019,Enteric
2019,Enteric
2019,Enteric
2019,Respiratory
2019,Respiratory
2019,Respiratory
2019,Enteric
2019,Enteric
2019,Respiratory
2019,Respiratory
2019,Respiratory
2019,Respiratory
2019,Respiratory
2019,Respiratory
2019,Respiratory
2019,Respiratory
2019,Enteric
2019,Respiratory
2019,Respiratory
2019,Respiratory
2019,Respiratory
2019,Respiratory
2019,Respiratory
2019,Respiratory
2019,Respiratory
2019,Respiratory
2019,Respiratory
2019,Respiratory
2019,Respiratory
2019,Respiratory
2019,Enteric
2019,Respiratory
2019,Respiratory
2019,Respiratory
2019,Enteric
2019,Respiratory
2019,Respiratory
2019,Respiratory
2019,Respiratory
2019,Respiratory
2019,Respiratory
2019,Respiratory
2019,Respiratory
2019,Respiratory
2019,Respiratory
2019,Respiratory
2019,Respiratory
2019,Respiratory
2019,Respiratory
2019,Respiratory
2019,Respiratory
2019,Respiratory
2019,Respiratory
2019,Respiratory
2019,Enteric
2019,Respiratory
2019,Respiratory
2019,Enteric
2019,Respiratory
2019,Respiratory
2019,Respiratory
2019,Respiratory
2019,Enteric
2019,Enteric
2019,Respiratory
2019,Respiratory
2019,Respiratory
2019,Respiratory
2019,Respiratory
2019,Enteric
2019,Enteric
2019,Enteric
2019,Respiratory
2019,Respiratory
2019,Respiratory
2019,Respiratory
2019,Enteric
2019,Respiratory
2019,Respiratory
2019,Respiratory
2019,Respiratory
2019,Respiratory
2019,Enteric
2019,Respiratory
2019,Respiratory
2019,Respiratory
2019,Respiratory
2019,Respiratory
2019,Respiratory
2019,Respiratory
2019,Respiratory
2019,Respiratory
2019,Enteric
2019,Respiratory
2019,Respiratory
2019,Respiratory
2019,Respiratory
2019,Respiratory
2019,Respiratory
2019,Respiratory
2019,Respiratory
2019,Respiratory
2019,Respiratory
2019,Respiratory
2019,Respiratory
2019,Respiratory
2019,Respiratory
2019,Respiratory
2019,Respiratory
2019,Respiratory
2019,Respiratory
2019,Respiratory
2019,Respiratory
2019,Respiratory
2019,Respiratory
2019,Respiratory
2019,Respiratory
2019,Respiratory
2019,Respiratory
2019,Respiratory
2019,Respiratory
2019,Respiratory
2019,Respiratory
2019,Respiratory
2019,Respiratory
2019,Respiratory
2019,Respiratory
2019,Respiratory
2019,Enteric
2019,Enteric
2019,Respiratory
2019,Respiratory
2019,Enteric
2019,Respiratory
2019,Respiratory
2019,Respiratory
2019,Respiratory
2019,Respiratory
2019,Respiratory
2019,Enteric
2018,Respiratory
2018,Respiratory
2018,Enteric
2018,Enteric
2018,Respiratory
2018,Respiratory
2018,Enteric
2018,Respiratory
2018,Respiratory
2018,Respiratory
2018,Enteric
2018,Respiratory
2018,Enteric
2018,Respiratory
2018,Respiratory
2018,Respiratory
2018,Respiratory
2018,Respiratory
2018,Respiratory
2018,Respiratory
2018,Enteric
2018,Enteric
2018,Respiratory
2018,Respiratory
2018,Enteric
2018,Other
2018,Respiratory
2018,Respiratory
2018,Respiratory
2018,Enteric
2018,Respiratory
2018,Respiratory
2018,Enteric
2018,Enteric
2018,Respiratory
2018,Respiratory
2018,Enteric
2018,Respiratory
2018,Respiratory
2018,Respiratory
2018,Respiratory
2018,Respiratory
2018,Respiratory
2018,Respiratory
2018,Respiratory
2018,Respiratory
2018,Respiratory
2018,Respiratory
2018,Respiratory
2018,Other
2018,Respiratory
2018,Respiratory
2018,Respiratory
2018,Respiratory
2018,Respiratory
2018,Respiratory
2018,Respiratory
2018,Respiratory
2018,Respiratory
2018,Respiratory
2018,Respiratory
2018,Respiratory
2018,Respiratory
2018,Respiratory
2018,Respiratory
2018,Respiratory
2018,Respiratory
2018,Respiratory
2018,Respiratory
2018,Respiratory
2018,Respiratory
2018,Respiratory
2018,Respiratory
2018,Respiratory
2018,Respiratory
2018,Respiratory
2018,Respiratory
2018,Respiratory
2018,Respiratory
2018,Respiratory
2018,Enteric
2018,Enteric
2018,Respiratory
2018,Respiratory
2018,Respiratory
2018,Respiratory
2018,Respiratory
2018,Other
2018,Respiratory
2018,Respiratory
2018,Respiratory
2018,Respiratory
2018,Respiratory
2018,Respiratory
2018,Respiratory
2018,Respiratory
2018,Respiratory
2018,Respiratory
2018,Respiratory
2018,Respiratory
2018,Respiratory
2018,Respiratory
2018,Respiratory
2018,Respiratory
2018,Enteric
2018,Respiratory
2018,Respiratory
2018,Respiratory
2018,Respiratory
2018,Respiratory
2018,Respiratory
2018,Respiratory
2018,Respiratory
2018,Respiratory
2018,Respiratory
2018,Enteric
2018,Enteric
2018,Enteric
2018,Respiratory
2018,Respiratory
2018,Respiratory
2018,Respiratory
2018,Respiratory
2018,Respiratory
2018,Respiratory
2018,Respiratory
2018,Enteric
2018,Respiratory
2018,Respiratory
2018,Respiratory
2018,Respiratory
2018,Respiratory
2018,Enteric
2018,Enteric
2018,Respiratory
2018,Respiratory
2018,Respiratory
2018,Enteric
2018,Enteric
2018,Respiratory
2018,Respiratory
2018,Respiratory
2018,Enteric
2018,Respiratory
2018,Respiratory
2018,Respiratory
2018,Respiratory
2018,Respiratory
2018,Respiratory
2018,Respiratory
2018,Enteric
2018,Respiratory
2018,Respiratory
2018,Respiratory
2018,Respiratory
2018,Respiratory
2018,Respiratory
2018,Respiratory
2018,Respiratory
2018,Respiratory
2018,Enteric
2018,Respiratory
2018,Enteric
2018,Respiratory
2018,Respiratory
2018,Respiratory
2018,Respiratory
2018,Respiratory
2018,Respiratory
2018,Enteric
2018,Respiratory
2018,Enteric
2018,Respiratory
2018,Respiratory
2018,Respiratory
2018,Enteric
2018,Respiratory
2018,Respiratory
2018,Respiratory
2018,Respiratory
2018,Respiratory
2018,Respiratory
2018,Enteric
2018,Respiratory
2018,Respiratory
2018,Enteric
2018,Respiratory
2018,Respiratory
2018,Respiratory
2018,Respiratory
2018,Enteric
2018,Respiratory
2018,Respiratory
2018,Respiratory
2018,Enteric
2018,Respiratory
2018,Respiratory
2018,Respiratory
2018,Respiratory
2018,Respiratory
2018,Enteric
2018,Respiratory
2018,Enteric
2018,Respiratory
2018,Respiratory
2018,Respiratory
2018,Enteric
2018,Respiratory
2018,Respiratory
2018,Respiratory
2018,Enteric
2018,Respiratory
2018,Respiratory
2018,Respiratory
2018,Respiratory
2018,Respiratory
2018,Respiratory
2018,Respiratory
2018,Respiratory
2018,Respiratory
2018,Respiratory
2018,Enteric
2018,Respiratory
2018,Enteric
2018,Respiratory
2018,Respiratory
2018,Respiratory
2018,Respiratory
2018,Respiratory
2018,Respiratory
2018,Respiratory
2018,Respiratory
2018,Respiratory
2018,Enteric
2018,Respiratory
2018,Respiratory
2018,Respiratory
2018,Respiratory
2018,Respiratory
2018,Respiratory
2018,Respiratory
2018,Enteric
2018,Respiratory
2018,Respiratory
2018,Respiratory
2018,Respiratory
2018,Respiratory
2018,Respiratory
2018,Enteric
2018,Respiratory
2018,Respiratory
2018,Respiratory
2018,Respiratory
2018,Respiratory
2018,Respiratory
2018,Respiratory
2018,Respiratory
2018,Respiratory
2018,Enteric
2018,Enteric
2018,Enteric
2018,Respiratory
2018,Respiratory
2018,Respiratory
2018,Enteric
2018,Respiratory
2018,Respiratory
2018,Respiratory
2018,Respiratory
2018,Respiratory
2018,Respiratory
2018,Respiratory
2018,Enteric
2018,Enteric
2018,Respiratory
2018,Enteric
2018,Respiratory
2018,Enteric
2018,Respiratory
2018,Respiratory
2018,Respiratory
2018,Respiratory
2018,Respiratory
2018,Respiratory
2018,Respiratory
2018,Respiratory
2018,Respiratory
2018,Respiratory
2018,Enteric
2018,Respiratory
2018,Respiratory
2018,Respiratory
2018,Respiratory
2018,Respiratory
2018,Respiratory
2018,Respiratory
2018,Enteric
2018,Enteric
2018,Respiratory
2018,Enteric
2018,Respiratory
2018,Respiratory
2018,Respiratory
2018,Respiratory
2018,Respiratory
2018,Respiratory
2018,Respiratory
2018,Respiratory
2018,Respiratory
2018,Respiratory
2018,Respiratory
2018,Respiratory
2018,Respiratory
2018,Respiratory
2018,Respiratory
2018,Enteric
2018,Respiratory
2018,Respiratory
2018,Respiratory
2018,Respiratory
2018,Respiratory
2018,Respiratory
2018,Respiratory
2018,Respiratory
2018,Respiratory
2018,Respiratory
2018,Enteric
2018,Respiratory
2018,Respiratory
2018,Enteric
2018,Respiratory
2018,Respiratory
2018,Respiratory
2018,Respiratory
2018,Enteric
2018,Respiratory
2018,Enteric
2018,Enteric
2018,Respiratory
2018,Respiratory
2018,Enteric
2018,Respiratory
2018,Respiratory
2018,Respiratory
2018,Enteric
2018,Respiratory
2018,Respiratory
2018,Respiratory
2018,Respiratory
2018,Respiratory
2018,Respiratory
2018,Respiratory
2018,Respiratory
2018,Respiratory
2018,Respiratory
2018,Respiratory
2018,Enteric
2018,Respiratory
2018,Respiratory
2018,Respiratory
2018,Respiratory
2018,Respiratory
2018,Respiratory
2018,Respiratory
2018,Respiratory
2018,Respiratory
2018,Respiratory
2018,Respiratory
2018,Respiratory
2018,Respiratory
2018,Respiratory
2018,Respiratory
2018,Respiratory
2018,Respiratory
2018,Respiratory
2018,Respiratory
2018,Enteric
2018,Respiratory
2018,Respiratory
2018,Respiratory
2018,Respiratory
2018,Respiratory
2018,Respiratory
2018,Respiratory
2018,Respiratory
2018,Respiratory
2018,Enteric
2018,Respiratory
2018,Respiratory
2018,Respiratory
2018,Respiratory
2018,Respiratory
2018,Respiratory
2018,Respiratory
2018,Respiratory
2018,Respiratory
2018,Respiratory
2018,Enteric
2018,Enteric
2018,Respiratory
2018,Respiratory
2018,Respiratory
2018,Respiratory
2018,Enteric
2018,Respiratory
2018,Respiratory
2018,Respiratory
2018,Respiratory
2018,Respiratory
2018,Enteric
2018,Respiratory
2018,Respiratory
2018,Respiratory
2018,Enteric
2018,Respiratory
2018,Respiratory
2018,Respiratory
2018,Respiratory
2018,Respiratory
2018,Enteric
2018,Respiratory
2018,Respiratory
2018,Respiratory
2018,Respiratory
2018,Respiratory
2018,Respiratory
2018,Respiratory
2018,Respiratory
2018,Respiratory
2018,Respiratory
2018,Enteric
2018,Enteric
2018,Respiratory
2018,Respiratory
2018,Enteric
2018,Enteric
2018,Enteric
2018,Enteric
2018,Enteric
2017,Respiratory
2017,Respiratory
2017,Respiratory
2017,Respiratory
2017,Respiratory
2017,Respiratory
2017,Respiratory
2017,Respiratory
2017,Respiratory
2017,Respiratory
2017,Respiratory
2017,Respiratory
2017,Respiratory
2017,Enteric
2017,Respiratory
2017,Respiratory
2017,Respiratory
2017,Respiratory
2017,Enteric
2017,Enteric
2017,Respiratory
2017,Enteric
2017,Respiratory
2017,Respiratory
2017,Enteric
2017,Respiratory
2017,Respiratory
2017,Respiratory
2017,Respiratory
2017,Respiratory
2017,Respiratory
2017,Respiratory
2017,Enteric
2017,Enteric
2017,Respiratory
2017,Respiratory
2017,Respiratory
2017,Enteric
2017,Enteric
2017,Enteric
2017,Respiratory
2017,Respiratory
2017,Enteric
2017,Respiratory
2017,Respiratory
2017,Respiratory
2017,Respiratory
2017,Respiratory
2017,Respiratory
2017,Respiratory
2017,Respiratory
2017,Enteric
2017,Respiratory
2017,Enteric
2017,Respiratory
2017,Respiratory
2017,Enteric
2017,Respiratory
2017,Enteric
2017,Respiratory
2017,Respiratory
2017,Respiratory
2017,Respiratory
2017,Respiratory
2017,Enteric
2017,Respiratory
2017,Respiratory
2017,Enteric
2017,Respiratory
2017,Respiratory
2017,Respiratory
2017,Enteric
2017,Respiratory
2017,Respiratory
2017,Respiratory
2017,Respiratory
2017,Respiratory
2017,Respiratory
2017,Respiratory
2017,Respiratory
2017,Respiratory
2017,Respiratory
2017,Respiratory
2017,Respiratory
2017,Enteric
2017,Respiratory
2017,Respiratory
2017,Respiratory
2017,Respiratory
2017,Respiratory
2017,Enteric
2017,Respiratory
2017,Respiratory
2017,Respiratory
2017,Respiratory
2017,Respiratory
2017,Respiratory
2017,Respiratory
2017,Respiratory
2017,Respiratory
2017,Respiratory
2017,Respiratory
2017,Respiratory
2017,Respiratory
2017,Respiratory
2017,Respiratory
2017,Respiratory
2017,Respiratory
2017,Respiratory
2017,Respiratory
2017,Enteric
2017,Respiratory
2017,Respiratory
2017,Respiratory
2017,Respiratory
2017,Enteric
2017,Respiratory
2017,Respiratory
2017,Enteric
2017,Respiratory
2017,Respiratory
2017,Respiratory
2017,Enteric
2017,Respiratory
2017,Respiratory
2017,Respiratory
2017,Respiratory
2017,Enteric
2017,Respiratory
2017,Respiratory
2017,Enteric
2017,Respiratory
2017,Respiratory
2017,Respiratory
2017,Respiratory
2017,Respiratory
2017,Respiratory
2017,Respiratory
2017,Respiratory
2017,Respiratory
2017,Respiratory
2017,Respiratory
2017,Respiratory
2017,Respiratory
2017,Respiratory
2017,Enteric
2017,Respiratory
2017,Respiratory
2017,Respiratory
2017,Respiratory
2017,Respiratory
2017,Respiratory
2017,Respiratory
2017,Respiratory
2017,Respiratory
2017,Respiratory
2017,Respiratory
2017,Respiratory
2017,Respiratory
2017,Respiratory
2017,Respiratory
2017,Respiratory
2017,Respiratory
2017,Respiratory
2017,Respiratory
2017,Respiratory
2017,Respiratory
2017,Respiratory
2017,Respiratory
2017,Respiratory
2017,Respiratory
2017,Respiratory
2017,Respiratory
2017,Respiratory
2017,Respiratory
2017,Respiratory
2017,Enteric
2017,Respiratory
2017,Respiratory
2017,Respiratory
2017,Respiratory
2017,Respiratory
2017,Respiratory
2017,Respiratory
2017,Respiratory
2017,Respiratory
2017,Respiratory
2017,Respiratory
2017,Respiratory
2017,Respiratory
2017,Respiratory
2017,Respiratory
2017,Respiratory
2017,Enteric
2017,Respiratory
2017,Enteric
2017,Respiratory
2017,Respiratory
2017,Enteric
2017,Respiratory
2017,Respiratory
2017,Respiratory
2017,Respiratory
2017,Respiratory
2017,Respiratory
2017,Respiratory
2017,Respiratory
2017,Enteric
2017,Enteric
2017,Enteric
2017,Enteric
2017,Enteric
2017,Respiratory
2017,Respiratory
2017,Respiratory
2017,Respiratory
2017,Respiratory
2017,Enteric
2017,Enteric
2017,Respiratory
2017,Enteric
2017,Respiratory
2017,Respiratory
2017,Enteric
2017,Respiratory
2017,Respiratory
2017,Respiratory
2017,Respiratory
2017,Respiratory
2017,Respiratory
2017,Enteric
2017,Respiratory
2017,Respiratory
2017,Respiratory
2017,Respiratory
2017,Respiratory
2017,Enteric
2017,Respiratory
2017,Respiratory
2017,Respiratory
2017,Respiratory
2017,Enteric
2017,Respiratory
2017,Respiratory
2017,Respiratory
2017,Respiratory
2017,Respiratory
2017,Respiratory
2017,Respiratory
2017,Enteric
2017,Respiratory
2017,Respiratory
2017,Respiratory
2017,Respiratory
2017,Respiratory
2017,Enteric
2017,Enteric
2017,Enteric
2017,Respiratory
2017,Enteric
2017,Respiratory
2017,Respiratory
2017,Respiratory
2017,Respiratory
2017,Enteric
2017,Respiratory
2017,Respiratory
2017,Respiratory
2017,Respiratory
2017,Respiratory
2017,Respiratory
2017,Respiratory
2017,Respiratory
2017,Respiratory
2017,Respiratory
2017,Respiratory
2017,Enteric
2017,Respiratory
2017,Respiratory
2017,Respiratory
2017,Respiratory
2017,Enteric
2017,Respiratory
2017,Respiratory
2017,Enteric
2017,Respiratory
2017,Respiratory
2017,Respiratory
2017,Respiratory
2017,Respiratory
2017,Respiratory
2017,Respiratory
2017,Respiratory
2017,Respiratory
2017,Respiratory
2017,Respiratory
2017,Respiratory
2017,Respiratory
2017,Respiratory
2017,Respiratory
2017,Respiratory
2017,Respiratory
2017,Respiratory
2017,Respiratory
2017,Respiratory
2017,Enteric
2017,Respiratory
2017,Respiratory
2017,Respiratory
2017,Enteric
2017,Respiratory
2017,Respiratory
2017,Enteric
2017,Respiratory
2017,Respiratory
2017,Enteric
2017,Respiratory
2017,Respiratory
2017,Enteric
2017,Respiratory
2017,Respiratory
2017,Respiratory
2017,Respiratory
2017,Respiratory
2017,Respiratory
2017,Enteric
2017,Respiratory
2017,Respiratory
2017,Respiratory
2017,Respiratory
2017,Respiratory
2017,Respiratory
2017,Respiratory
2017,Respiratory
2017,Respiratory
2017,Respiratory
2017,Respiratory
2017,Respiratory
2017,Respiratory
2017,Respiratory
2017,Respiratory
2017,Respiratory
2017,Respiratory
2017,Respiratory
2017,Enteric
2017,Enteric
2017,Respiratory
2017,Enteric
2017,Respiratory
2017,Respiratory
2017,Enteric
2017,Enteric
2017,Respiratory
2017,Respiratory
2017,Respiratory
2017,Respiratory
2017,Respiratory
2017,Respiratory
2017,Respiratory
2017,Respiratory
2017,Enteric
2017,Respiratory
2017,Enteric
2017,Respiratory
2017,Respiratory
2017,Enteric
2017,Respiratory
2017,Enteric
2017,Respiratory
2017,Respiratory
2017,Respiratory
